generated_id,style,source_answer_id,source_question_id,crop,state,district,season,domain,generated_question,generated_answer,generated_question_en,generated_answer_en,source,seed_question,style_call_number,timestamp
si_v3_paraph_69b4f872_1,paraphrase_formal,69b4f872c38a976c56f2388b,69b4f1e2c38a976c56f23805,Pea,Punjab,General,Rabi,Disease,"Which root diseases commonly affect pea crops, and what are the recommended management practices for their control?","Root diseases in pea crops are among the most significant constraints in pea cultivation, resulting in substantial yield losses and plant mortality. The major root diseases affecting peas include root rot, caused by the soil-borne fungal pathogens Fusarium oxysporum and Rhizoctonia solani. These pathogens attack the root system, impairing the plant's ability to take up water and nutrients, which leads to stunted growth, wilting, and eventual plant death. The symptoms of root diseases in peas can be observed both above and below ground. Above-ground symptoms include chlorosis of lower leaves, stunted growth, wilting during hot periods, and early plant death. Below-ground symptoms include darkened, water-soaked roots, root decay, reduced root mass, and the absence of healthy white root tips. In cases of Fusarium root rot, a reddish-brown discoloration of the vascular tissue at the stem base is evident. Seedling damping-off can also occur in severe infections. The severity of these diseases is influenced by factors such as poor drainage, heavy clay soils, continuous pea cropping, and soil temperatures ranging from 15-28°C with high moisture levels. The integrated disease management strategies include: 1. Crop rotation with non-leguminous crops for a period of 3-4 years, such as cereals, brassicas, or onions, to reduce pathogen buildup in the soil. 2. Selection of well-drained fields with good soil structure, avoiding waterlogged areas. 3. Improved soil drainage through proper land preparation and the use of raised beds. 4. Use of certified disease-free seeds, with seed treatment using 15 g of Talc-based formulation of Pseudomonas fluorescens per kg of seed before sowing. 5. Deep summer plowing to expose soil pathogens to solar heat and desiccation. 6. Maintaining optimal plant spacing to improve air circulation and reduce root zone humidity. 7. Immediate removal and destruction of infected plant debris to prevent disease spread. 8. Avoiding excessive irrigation and using drip or furrow irrigation methods instead of flood irrigation. 9. Incorporation of well-decomposed organic matter to enhance soil health and beneficial microbial activity. 10. Adjusting sowing dates to avoid periods of high soil moisture and temperature that favor pathogen development.",,,qwen3_direct,What are the typical root diseases affecting peas and what are the effective management strategies?,1,2026-04-10T09:19:21.484279
si_v3_paraph_69b4f872_2,paraphrase_farmer_style,69b4f872c38a976c56f2388b,69b4f1e2c38a976c56f23805,Pea,Punjab,General,Rabi,Disease,Mera khet mee peas ke root bimari ho rahi hai. Kya kaise karein?,"Peas ke root bimari jo ki Fusarium oxysporum aur Rhizoctonia solani se hoti hai, khatedar khet me jyada hoti hai. Iski aam tareeqa aadhe me khareed ki seed ko pani me lekar 15 g Pseudomonas fluorescens per kg seed ka istemal karein. Khet me 3-4 saal tak doosri fasal jaise chawal, sarson, ya pyaj karein. Khet me chhota jaga rakhain aur utha hua khet khein. Seed ko pahle hi thik se chhane ka dhyan rakhein. Agar koi bimari hoti hai to uska khata khatam karein. Drip irrigation ka istemal karein aur jyada pani na de. Agar kuch aur samasya ho to k nearest KVK se puchhein.",,,qwen3_direct,What are the typical root diseases affecting peas and what are the effective management strategies?,1,2026-04-10T09:19:23.425371
si_v3_paraph_69b4f872_3,paraphrase_short,69b4f872c38a976c56f2388b,69b4f1e2c38a976c56f23805,Pea,Punjab,General,Rabi,Disease,How to manage pea root diseases?,Use crop rotation with non-leguminous crops for 3-4 years. Treat seeds with 15g Pseudomonas fluorescens per kg of seed.,,,qwen3_direct,What are the typical root diseases affecting peas and what are the effective management strategies?,1,2026-04-10T09:19:24.392466
si_v3_paraph_69b4f872_4,paraphrase_problem_description,69b4f872c38a976c56f2388b,69b4f1e2c38a976c56f23805,Pea,Punjab,General,Rabi,Disease,"My pea plants are not growing well, and the roots look dark and soft — what is wrong?",It may be a root rot disease. Use certified disease-free seeds and treat them with Pseudomonas fluorescens. Practice crop rotation and avoid waterlogging by improving soil drainage.,,,qwen3_direct,What are the typical root diseases affecting peas and what are the effective management strategies?,1,2026-04-10T09:19:25.405730
si_v3_paraph_69b4f872_5,paraphrase_followup,69b4f872c38a976c56f2388b,69b4f1e2c38a976c56f23805,Pea,Punjab,General,Rabi,Disease,How much Pseudomonas fluorescens should be used per kg of seed for treating pea seeds?,Treat the seed with 15 g of Talc based formulation of Pseudomonas fluorescens per kg seed before sowing.,,,qwen3_direct,What are the typical root diseases affecting peas and what are the effective management strategies?,1,2026-04-10T09:19:26.447819
si_v3_paraph_69b4f872_6,paraphrase_yes_no,69b4f872c38a976c56f2388b,69b4f1e2c38a976c56f23805,Pea,Punjab,General,Rabi,Disease,Is it recommended to use Pseudomonas fluorescens for seed treatment in pea cultivation?,"Yes, the seed should be treated with 15 g of Talc based formulation of Pseudomonas fluorescens per kg seed before sowing.",,,qwen3_direct,What are the typical root diseases affecting peas and what are the effective management strategies?,1,2026-04-10T09:19:27.398088
si_v3_paraph_69b4f872_7,paraphrase_preventive,69b4f872c38a976c56f2388b,69b4f1e2c38a976c56f23805,Pea,Punjab,General,Rabi,Disease,How can the risk of root diseases in peas be minimized through proper seed treatment?,Treat the seed with 15 g of Talc based formulation of Pseudomonas fluorescens per kg seed before sowing.,,,qwen3_direct,What are the typical root diseases affecting peas and what are the effective management strategies?,1,2026-04-10T09:19:28.307217
si_v3_paraph_69b4f872_8,paraphrase_comparison,69b4f872c38a976c56f2388b,69b4f1e2c38a976c56f23805,Pea,Punjab,General,Rabi,Disease,What is the difference between the management strategies for Root rot caused by Fusarium oxysporum and Rhizoctonia solani in peas?,"The management strategies for Root rot caused by both Fusarium oxysporum and Rhizoctonia solani in peas are similar and include crop rotation, use of certified seeds, proper drainage, and treatment of seeds with 15 g of Talc based formulation of Pseudomonas fluorescens per kg seed. The integrated disease management practices such as deep summer plowing, maintaining optimal plant spacing, and avoiding excessive irrigation are also recommended for both pathogens.",,,qwen3_direct,What are the typical root diseases affecting peas and what are the effective management strategies?,1,2026-04-10T09:19:29.724266
si_v3_paraph_69b4f872_9,paraphrase_cause,69b4f872c38a976c56f2388b,69b4f1e2c38a976c56f23805,Pea,Punjab,General,Rabi,Disease,What causes root rot in peas and how does it affect the plant's health?,"Root rot in peas is caused by soil-borne fungal pathogens such as Fusarium oxysporum and Rhizoctonia solani. These pathogens attack the root system, compromising the plant's ability to absorb water and nutrients, ultimately leading to stunted growth, wilting, and plant death. The disease is exacerbated by poor drainage, heavy clay soils, continuous pea cropping, and soil temperatures between 15-28°C with high moisture levels.",,,qwen3_direct,What are the typical root diseases affecting peas and what are the effective management strategies?,1,2026-04-10T09:19:31.000394
si_v3_paraph_69b4f872_10,paraphrase_quantity_focused,69b4f872c38a976c56f2388b,69b4f1e2c38a976c56f23805,Pea,Punjab,General,Rabi,Disease,What is the recommended dosage of Pseudomonas fluorescens for seed treatment in pea cultivation?,Treat the seed with 15 g of Talc based formulation of Pseudomonas fluorescens per kg seed before sowing.,,,qwen3_direct,What are the typical root diseases affecting peas and what are the effective management strategies?,1,2026-04-10T09:19:32.028644
si_v3_paraph_69b4f872_11,paraphrase_timing_focused,69b4f872c38a976c56f2388b,69b4f1e2c38a976c56f23805,Pea,Punjab,General,Rabi,Disease,When should seed treatment with Pseudomonas fluorescens be done for peas?,Treat the seed with 15 g of Talc based formulation of Pseudomonas fluorescens per kg seed before sowing.,,,qwen3_direct,What are the typical root diseases affecting peas and what are the effective management strategies?,1,2026-04-10T09:19:32.931634
si_v3_paraph_69b4f872_12,paraphrase_regional_hindi,69b4f872c38a976c56f2388b,69b4f1e2c38a976c56f23805,Pea,Punjab,General,Rabi,Disease,Peas ki fasal mein kya root rot ke kya ilaj hai?,"Root rot ke ilaj ke liye 15 g Pseudomonas fluorescens talc based formulation per kg seed ka upyog karein. Aise management strategies ka upyog karein jaise crop rotation, well-drained fields ka upyog, seedling damping-off ke upar dhey, aur soil health ko improve karein.",,,qwen3_direct,What are the typical root diseases affecting peas and what are the effective management strategies?,1,2026-04-10T09:19:34.097076
si_v3_paraph_69b4f872_13,paraphrase_formal,69b4f872c38a976c56f2388b,69b4f1e2c38a976c56f23805,Pea,Punjab,General,Rabi,Disease,"What are the common root diseases that affect pea crops, and what are the recommended practices for their management through crop rotation?","Root diseases in pea crops are among the most destructive problems affecting pea cultivation, causing significant yield losses and plant mortality. The primary root diseases affecting peas include root rot, caused by Fusarium oxysporum and Rhizoctonia solani. These soil-borne fungal pathogens attack the root system, compromising the plant's ability to absorb water and nutrients, ultimately leading to stunted growth, wilting, and plant death. The severity of root diseases increases under conditions of poor drainage, heavy clay soils, continuous pea cropping, and soil temperatures between 15-28°C with high moisture levels. Integrated disease management includes: - Implementing a crop rotation of at least 3-4 years with non-leguminous crops such as cereals, brassicas, or onions to reduce soil-borne pathogen populations.",,,qwen3_direct,What are the typical root diseases affecting peas and what are the effective management strategies?,2,2026-04-10T09:19:35.885411
si_v3_paraph_69b4f872_14,paraphrase_farmer_style,69b4f872c38a976c56f2388b,69b4f1e2c38a976c56f23805,Pea,Punjab,General,Rabi,Disease,khet me peas kyun kam ho rahi hai? kya kuch root bimari hai jo khet ko kharab karte hain?,"root bimari peas me sabse zyada hoti hai jiske karan phal ki kho jata hai. isme root rot hota hai jo fusarium oxysporum aur rhizoctonia solani ke karan hota hai. yeh soil me jaanwar hote hain jo akal ko kharab kar deta hai. aapko 3-4 saal tak kisi bhi non-leguminous fasal jaise chawal, sabji ya piaz ke saath crop rotation karna chahiye. aapko thik se paani jalane wale khet chunna chahiye. seed ko 15 g talc based formulation of pseudomonas fluorescens per kg seed ke saath chhapana chahiye.",,,qwen3_direct,What are the typical root diseases affecting peas and what are the effective management strategies?,2,2026-04-10T09:19:37.655222
si_v3_paraph_69b4f872_15,paraphrase_short,69b4f872c38a976c56f2388b,69b4f1e2c38a976c56f23805,Pea,Punjab,General,Rabi,Disease,How long should crop rotation be for pea root disease control?,Crop rotation with non-leguminous crops should last at least 3-4 years to reduce soil-borne pathogens causing root diseases in peas.,,,qwen3_direct,What are the typical root diseases affecting peas and what are the effective management strategies?,2,2026-04-10T09:19:38.639724
si_v3_paraph_69b4f872_16,paraphrase_problem_description,69b4f872c38a976c56f2388b,69b4f1e2c38a976c56f23805,Pea,Punjab,General,Rabi,Disease,"My pea plants are not growing well, and the roots look dark and soft — what should I do?",The issue is likely root rot caused by soil-borne fungi. Rotate crops for at least 3-4 years with non-leguminous plants like cereals or onions. Use well-drained fields and avoid overwatering.,,,qwen3_direct,What are the typical root diseases affecting peas and what are the effective management strategies?,2,2026-04-10T09:19:39.650336
si_v3_paraph_69b4f872_17,paraphrase_followup,69b4f872c38a976c56f2388b,69b4f1e2c38a976c56f23805,Pea,Punjab,General,Rabi,Disease,"How long should the crop rotation be for peas, and what crops should be included?","Implement a crop rotation of at least 3-4 years with non-leguminous crops such as cereals, brassicas, or onions to reduce soil-borne pathogen populations.",,,qwen3_direct,What are the typical root diseases affecting peas and what are the effective management strategies?,2,2026-04-10T09:19:40.600274
si_v3_paraph_69b4f872_18,paraphrase_yes_no,69b4f872c38a976c56f2388b,69b4f1e2c38a976c56f23805,Pea,Punjab,General,Rabi,Disease,Is crop rotation for at least 3-4 years recommended to manage root diseases in peas?,"Yes. Integrated Disease Management recommends implementing a crop rotation of at least 3-4 years with non-leguminous crops such as cereals, brassicas, or onions to reduce soil-borne pathogen populations.",,,qwen3_direct,What are the typical root diseases affecting peas and what are the effective management strategies?,2,2026-04-10T09:19:41.664754
si_v3_paraph_69b4f872_19,paraphrase_preventive,69b4f872c38a976c56f2388b,69b4f1e2c38a976c56f23805,Pea,Punjab,General,Rabi,Disease,How can root diseases in peas be prevented through crop rotation practices?,"Root diseases in peas can be prevented by implementing a crop rotation of at least 3-4 years with non-leguminous crops such as cereals, brassicas, or onions to reduce soil-borne pathogen populations.",,,qwen3_direct,What are the typical root diseases affecting peas and what are the effective management strategies?,2,2026-04-10T09:19:42.672474
si_v3_paraph_69b4f872_20,paraphrase_comparison,69b4f872c38a976c56f2388b,69b4f1e2c38a976c56f23805,Pea,Punjab,General,Rabi,Disease,How does crop rotation for pea cultivation compare in duration and effectiveness against root diseases?,"Crop rotation for pea cultivation should last at least 3-4 years with non-leguminous crops such as cereals, brassicas, or onions to reduce soil-borne pathogen populations.",,,qwen3_direct,What are the typical root diseases affecting peas and what are the effective management strategies?,2,2026-04-10T09:19:43.733821
si_v3_paraph_69b4f872_21,paraphrase_cause,69b4f872c38a976c56f2388b,69b4f1e2c38a976c56f23805,Pea,Punjab,General,Rabi,Disease,What causes root diseases in peas and how does crop rotation help in managing them?,"Root diseases in peas are caused by soil-borne fungal pathogens such as Fusarium oxysporum and Rhizoctonia solani, which attack the root system, leading to darkened, water-soaked roots that turn brown to black, root decay, and stunted growth. These diseases are worsened by continuous pea cropping and poor drainage. Crop rotation for at least 3-4 years with non-leguminous crops like cereals, brassicas, or onions helps reduce the buildup of these pathogens in the soil.",,,qwen3_direct,What are the typical root diseases affecting peas and what are the effective management strategies?,2,2026-04-10T09:19:45.026043
si_v3_paraph_69b4f872_22,paraphrase_quantity_focused,69b4f872c38a976c56f2388b,69b4f1e2c38a976c56f23805,Pea,Punjab,General,Rabi,Disease,How long should the crop rotation period be for peas to manage root diseases effectively?,"Integrated Disease Management: - Implement a crop rotation of at least 3-4 years with non-leguminous crops such as cereals, brassicas, or onions to reduce soil-borne pathogen populations.",,,qwen3_direct,What are the typical root diseases affecting peas and what are the effective management strategies?,2,2026-04-10T09:19:45.989743
si_v3_paraph_69b4f872_24,paraphrase_regional_hindi,69b4f872c38a976c56f2388b,69b4f1e2c38a976c56f23805,Pea,Punjab,General,Rabi,Disease,Peas ki fasal me kya kheti kharabiyon ka sabse zyada kya karan hota hai aur unke khud kaise kare?,"Peas ki fasal me root rot sabse zyada kharabiyon me hoti hai, jo Fusarium oxysporum aur Rhizoctonia solani ke karan hoti hai. Iske ilaj ke liye 3-4 saal tak kheer, sarda, ya pyaj jaise non-leguminous crops ke saath crop rotation karna chahiye. Sath hi, well-drained fields chunne, badla ki kheti karna, aur seed ko Pseudomonas fluorescens se chhapana chahiye.",,,qwen3_direct,What are the typical root diseases affecting peas and what are the effective management strategies?,2,2026-04-10T09:19:48.090448
si_v3_paraph_69b4f872_25,paraphrase_formal,69b4f872c38a976c56f2388b,69b4f1e2c38a976c56f23805,Pea,Punjab,General,Rabi,Disease,What is the optimal timing for applying management practices to control root diseases in pea cultivation?,"To effectively manage root diseases in pea cultivation, the timing of various management practices is crucial. Crop rotation should be planned to ensure a gap of at least 3-4 years between consecutive pea crops. Soil preparation and land leveling should be done before the sowing season to ensure proper drainage. Seed treatment with a Talc-based formulation of Pseudomonas fluorescens should be carried out before sowing. Sowing dates should be adjusted to avoid periods of high soil moisture and temperature that are favorable for pathogen development. Additionally, deep summer plowing should be conducted to expose soil pathogens to solar heat and desiccation.",,,qwen3_direct,What are the typical root diseases affecting peas and what are the effective management strategies?,3,2026-04-10T09:19:49.669232
si_v3_paraph_69b4f872_26,paraphrase_farmer_style,69b4f872c38a976c56f2388b,69b4f1e2c38a976c56f23805,Pea,Punjab,General,Rabi,Disease,"khet me peas ke root bimari ho rahi hai, kaise samajh paye aur kis time par dawai laga sakte hai?","root bimari peas me jal ki problem ho sakti hai, jisme jangal me pata nahi kaise laga sakte hai. root rot jab hote hai to khet me paise ka root kharab ho jata hai. iske liye aap 3-4 saal tak kisi aur fasal jaise chawal, sardaana ya pyaz ke saath khet me chalana chahiye. aap khet me paise ki seed ko thodi der tak chhap ke rakh sakte hai. aap seed ko 15 gram Pseudomonas fluorescens ke sath laga sakte hai. aap khet me paise ki seed ko uthane se pahle thodi der tak chhap ke rakh sakte hai. aap khet me paise ki seed ko thodi der tak chhap ke rakh sakte hai.",,,qwen3_direct,What are the typical root diseases affecting peas and what are the effective management strategies?,3,2026-04-10T09:19:51.587491
si_v3_paraph_69b4f872_27,paraphrase_short,69b4f872c38a976c56f2388b,69b4f1e2c38a976c56f23805,Pea,Punjab,General,Rabi,Disease,When should Pseudomonas fluorescens be applied for pea root disease?,Apply 15 g of Talc based formulation of Pseudomonas fluorescens per kg of seed before sowing. Adjust sowing dates to avoid high soil moisture and temperature favorable for pathogen development.,,,qwen3_direct,What are the typical root diseases affecting peas and what are the effective management strategies?,3,2026-04-10T09:19:52.562415
si_v3_paraph_69b4f872_29,paraphrase_followup,69b4f872c38a976c56f2388b,69b4f1e2c38a976c56f23805,Pea,Punjab,General,Rabi,Disease,When is the best time to apply the Pseudomonas fluorescens treatment for peas?,The seed should be treated with 15 g of Talc based formulation of Pseudomonas fluorescens per kg seed before sowing.,,,qwen3_direct,What are the typical root diseases affecting peas and what are the effective management strategies?,3,2026-04-10T09:19:54.097610
si_v3_paraph_69b4f872_30,paraphrase_yes_no,69b4f872c38a976c56f2388b,69b4f1e2c38a976c56f23805,Pea,Punjab,General,Rabi,Disease,Is it necessary to treat pea seeds with a Talc-based formulation of Pseudomonas fluorescens before sowing?,"Yes, the seed should be treated with 15 g of Talc based formulation of Pseudomonas fluorescens per kg seed before sowing as part of the integrated disease management strategy.",,,qwen3_direct,What are the typical root diseases affecting peas and what are the effective management strategies?,3,2026-04-10T09:19:55.218410
si_v3_paraph_69b4f872_31,paraphrase_preventive,69b4f872c38a976c56f2388b,69b4f1e2c38a976c56f23805,Pea,Punjab,General,Rabi,Disease,How can the timing of seed application help prevent root diseases in peas?,Adjust sowing dates to avoid periods of high soil moisture and temperature favorable for pathogen development.,,,qwen3_direct,What are the typical root diseases affecting peas and what are the effective management strategies?,3,2026-04-10T09:19:56.050001
si_v3_paraph_69b4f872_32,paraphrase_comparison,69b4f872c38a976c56f2388b,69b4f1e2c38a976c56f23805,Pea,Punjab,General,Rabi,Disease,When is the best time to apply Pseudomonas fluorescens for managing root diseases in peas?,The seed should be treated with 15 g of Talc based formulation of Pseudomonas fluorescens per kg seed before sowing.,,,qwen3_direct,What are the typical root diseases affecting peas and what are the effective management strategies?,3,2026-04-10T09:19:56.970686
si_v3_paraph_69b4f872_33,paraphrase_cause,69b4f872c38a976c56f2388b,69b4f1e2c38a976c56f23805,Pea,Punjab,General,Rabi,Disease,Why does the timing of seed application affect root diseases in peas?,"The timing of seed application affects root diseases in peas because it influences the environmental conditions that favor pathogen development. Root diseases are more severe under high soil moisture and temperatures between 15-28°C. Adjusting sowing dates to avoid periods of high soil moisture and temperature can reduce the risk of root diseases. Applying seeds at the right time helps ensure that plants establish in more favorable conditions, reducing the likelihood of infection by soil-borne pathogens like Fusarium oxysporum and Rhizoctonia solani.",,,qwen3_direct,What are the typical root diseases affecting peas and what are the effective management strategies?,3,2026-04-10T09:19:58.352565
si_v3_paraph_69b4f872_35,paraphrase_timing_focused,69b4f872c38a976c56f2388b,69b4f1e2c38a976c56f23805,Pea,Punjab,General,Rabi,Disease,When should Pseudomonas fluorescens be applied for managing root diseases in peas?,Treat the seed with 15 g of Talc based formulation of Pseudomonas fluorescens per kg seed before sowing.,,,qwen3_direct,What are the typical root diseases affecting peas and what are the effective management strategies?,3,2026-04-10T09:19:59.823010
si_v3_paraph_69b4f872_36,paraphrase_regional_hindi,69b4f872c38a976c56f2388b,69b4f1e2c38a976c56f23805,Pea,Punjab,General,Rabi,Disease,Peas ki fasal me root rot ke kya ilaj hai aur kis waqt apply karna chahiye?,Peas ki fasal me root rot ke liye 15 g Talc based formulation of Pseudomonas fluorescens per kg seed ka istemal kiya jaye. Seed ko seedling ke shuruaat me apply karna chahiye taki root rot ki bimari ko rok diya jaye.,,,qwen3_direct,What are the typical root diseases affecting peas and what are the effective management strategies?,3,2026-04-10T09:20:01.005151
si_v3_paraph_69b4f872_37,paraphrase_formal,69b4f872c38a976c56f2388b,69b4f1e2c38a976c56f23805,Pea,Punjab,General,Rabi,Disease,What are the common root diseases that affect pea crops and what are the recommended management practices for their control?,"Root diseases in pea crops are a major constraint in pea cultivation, leading to substantial yield losses and plant death. The primary root diseases affecting peas include root rot, which is caused by Fusarium oxysporum and Rhizoctonia solani. These pathogens are soil-borne and attack the root system, affecting the plant's ability to absorb water and nutrients, resulting in stunted growth, wilting, and plant mortality. Symptoms of root diseases in peas are observed both above and below ground. Above-ground symptoms include yellowing of lower leaves, stunted plant growth, wilting during hot periods, and premature plant death. Below-ground symptoms include darkened, water-soaked roots that turn brown to black, root decay, reduced root mass, and absence of healthy white root tips. In cases of Fusarium root rot, the vascular tissue shows reddish-brown discoloration extending into the stem base. Seedling damping-off may also occur in severe cases. The severity of these diseases is influenced by factors such as poor drainage, heavy clay soils, continuous pea cropping, and soil temperatures between 15-28°C with high moisture levels. The following management strategies are recommended: 1. Implement a crop rotation of at least 3-4 years with non-leguminous crops such as cereals, brassicas, or onions to reduce pathogen buildup in the soil. 2. Select fields with good drainage and proper soil structure, avoiding low-lying areas prone to waterlogging. 3. Improve soil drainage through proper land preparation, including raised bed cultivation. 4. Use certified disease-free seeds and treat them with 15 g of Talc-based formulation of Pseudomonas fluorescens per kg of seed before sowing. 5. Practice deep summer plowing to expose soil pathogens to solar heat and desiccation. 6. Maintain optimal plant spacing to enhance air circulation and reduce humidity around the root zone. 7. Remove and destroy infected plant debris to prevent the spread of pathogens. 8. Avoid excessive irrigation and use drip or furrow irrigation methods instead of flood irrigation. 9. Incorporate well-decomposed organic matter to improve soil health and promote beneficial microbial activity. 10. Adjust sowing dates to avoid periods of high soil moisture and temperature that are favorable for pathogen development.",,,qwen3_direct,What are the typical root diseases affecting peas and what are the effective management strategies?,4,2026-04-10T09:20:04.249062
si_v3_paraph_69b4f872_38,paraphrase_farmer_style,69b4f872c38a976c56f2388b,69b4f1e2c38a976c56f23805,Pea,Punjab,General,Rabi,Disease,khet me jeene wale peas ke root kis bimari se hoti hai aur unka kaise nivaran kare?,"peas ke root me root rot hoti hai jo fusarium oxysporum aur rhizoctonia solani ke karan hoti hai. is bimari ke alawa kuch aur root bimari bhi ho sakti hai. iske liye aap khet me 3-4 saal tak kisi bhi leguminous fasal ko nahi lagaye. aap jhilmil wale khet chuney, jisme pani bad me nahi rehaye. aap seed ko 15 g talc based formulation of pseudomonas fluorescens per kg seed ke sath chhaan lo. aap khet me well-decomposed organic matter jor do. aap furrow ya drip irrigation ka upyog kare, jisme pani jyada na lage. aap khet me badhiya drainage banao. aap seed ko bhi disease-free chuney.",,,qwen3_direct,What are the typical root diseases affecting peas and what are the effective management strategies?,4,2026-04-10T09:20:06.331961
si_v3_paraph_69b4f872_39,paraphrase_short,69b4f872c38a976c56f2388b,69b4f1e2c38a976c56f23805,Pea,Punjab,General,Rabi,Disease,How to manage pea root rot?,Use crop rotation with non-legumes for 3-4 years. Apply Pseudomonas fluorescens (15g/kg seed) and avoid flood irrigation. Choose well-drained fields and remove infected plants.,,,qwen3_direct,What are the typical root diseases affecting peas and what are the effective management strategies?,4,2026-04-10T09:20:07.307335
si_v3_paraph_69b4f872_40,paraphrase_problem_description,69b4f872c38a976c56f2388b,69b4f1e2c38a976c56f23805,Pea,Punjab,General,Rabi,Disease,"My pea plants are not growing well, and the roots look dark and soft — what could be the issue?",The issue may be root rot caused by soil-borne fungi. Ensure good drainage and avoid waterlogging. Use certified seeds and rotate crops with non-leguminous plants.,,,qwen3_direct,What are the typical root diseases affecting peas and what are the effective management strategies?,4,2026-04-10T09:20:08.379442
si_v3_paraph_69b4f872_41,paraphrase_followup,69b4f872c38a976c56f2388b,69b4f1e2c38a976c56f23805,Pea,Punjab,General,Rabi,Disease,How does soil condition affect the occurrence of root diseases in peas?,"The severity of root diseases increases under conditions of poor drainage, heavy clay soils, continuous pea cropping, and soil temperatures between 15-28°C with high moisture levels.",,,qwen3_direct,What are the typical root diseases affecting peas and what are the effective management strategies?,4,2026-04-10T09:20:09.299614
si_v3_paraph_69b4f872_42,paraphrase_yes_no,69b4f872c38a976c56f2388b,69b4f1e2c38a976c56f23805,Pea,Punjab,General,Rabi,Disease,Is drip irrigation an effective method for managing root diseases in peas?,Yes. The seed answer mentions that avoiding excessive irrigation and implementing drip or furrow irrigation methods rather than flood irrigation is part of the integrated disease management strategy for root diseases in peas.,,,qwen3_direct,What are the typical root diseases affecting peas and what are the effective management strategies?,4,2026-04-10T09:20:10.224288
si_v3_paraph_69b4f872_43,paraphrase_preventive,69b4f872c38a976c56f2388b,69b4f1e2c38a976c56f23805,Pea,Punjab,General,Rabi,Disease,How can soil conditions be managed to prevent root diseases in peas?,"To prevent root diseases in peas, manage soil conditions by selecting well-drained fields with good soil structure, avoiding low-lying areas prone to waterlogging, and improving soil drainage through proper land preparation, including raised bed cultivation. Incorporate well-decomposed organic matter to improve soil health and beneficial microbial populations.",,,qwen3_direct,What are the typical root diseases affecting peas and what are the effective management strategies?,4,2026-04-10T09:20:11.369712
si_v3_paraph_69b4f872_44,paraphrase_comparison,69b4f872c38a976c56f2388b,69b4f1e2c38a976c56f23805,Pea,Punjab,General,Rabi,Disease,"Which irrigation method is better for managing root diseases in peas, drip or flood irrigation?",The seed suggests avoiding excessive irrigation and implementing drip or furrow irrigation methods rather than flood irrigation for managing root diseases in peas.,,,qwen3_direct,What are the typical root diseases affecting peas and what are the effective management strategies?,4,2026-04-10T09:20:12.296300
si_v3_paraph_69b4f872_45,paraphrase_cause,69b4f872c38a976c56f2388b,69b4f1e2c38a976c56f23805,Pea,Punjab,General,Rabi,Disease,Why do pea roots get affected by diseases under certain soil conditions?,"Pea roots get affected by diseases under certain soil conditions because soil-borne fungal pathogens like Fusarium oxysporum and Rhizoctonia solani attack the root system. These pathogens thrive in poor drainage, heavy clay soils, continuous pea cropping, and soil temperatures between 15-28°C with high moisture levels. The diseases cause darkened, water-soaked roots that turn brown to black, root decay and rot, and reduced root mass, which compromises the plant's ability to absorb water and nutrients, leading to stunted growth, wilting, and plant death.",,,qwen3_direct,What are the typical root diseases affecting peas and what are the effective management strategies?,4,2026-04-10T09:20:13.809227
si_v3_paraph_69b4f872_46,paraphrase_quantity_focused,69b4f872c38a976c56f2388b,69b4f1e2c38a976c56f23805,Pea,Punjab,General,Rabi,Disease,What is the recommended dosage of Pseudomonas fluorescens for treating pea seeds?,Treat the seed with 15 g of Talc based formulation of Pseudomonas fluorescens per kg seed before sowing.,,,qwen3_direct,What are the typical root diseases affecting peas and what are the effective management strategies?,4,2026-04-10T09:20:14.715894
si_v3_paraph_69b4f872_47,paraphrase_timing_focused,69b4f872c38a976c56f2388b,69b4f1e2c38a976c56f23805,Pea,Punjab,General,Rabi,Disease,When should farmers apply Pseudomonas fluorescens to manage root diseases in peas?,Treat the seed with 15 g of Talc based formulation of Pseudomonas fluorescens per kg seed before sowing.,,,qwen3_direct,What are the typical root diseases affecting peas and what are the effective management strategies?,4,2026-04-10T09:20:15.627128
si_v3_paraph_69b4f872_48,paraphrase_regional_hindi,69b4f872c38a976c56f2388b,69b4f1e2c38a976c56f23805,Pea,Punjab,General,Rabi,Disease,Pees ke khet mein kya root rot ki bimari hoti hai aur uska kya ilaj hai?,Pees ke khet mein root rot ki bimari Fusarium oxysporum aur Rhizoctonia solani ke karan hoti hai. Is bimari ke ilaj ke liye 3-4 saal tak non-leguminous crops ke saath crop rotation karna chahiye. Acha drainage wale khet chunen aur khet mein badla khudayi karein. Bimari ke liye seed ko Pseudomonas fluorescens ke 15 g talc-based formulation ke saath chhakar dene ka suggesion diya gaya hai.,,,qwen3_direct,What are the typical root diseases affecting peas and what are the effective management strategies?,4,2026-04-10T09:20:17.248802
si_v3_paraph_69b4f872_49,paraphrase_formal,69b4f872c38a976c56f2388b,69b4f1e2c38a976c56f23805,Pea,Punjab,General,Rabi,Disease,What are the root diseases in peas and how can they be managed?,"Root diseases in peas are serious issues that cause yield loss and plant death. These diseases are mainly caused by fungi like Fusarium oxysporum and Rhizoctonia solani. Symptoms include yellowing leaves, stunted growth, and wilting. Roots may appear dark and rotten. To manage these diseases: rotate crops with non-leguminous plants for 3-4 years. Choose well-drained fields. Improve drainage with raised beds. Use clean seeds and treat them before planting. Plow deeply in summer. Keep plants spaced properly. Remove infected plants. Avoid overwatering. Use drip irrigation. Add organic matter. Adjust planting time. Treat seeds with Pseudomonas fluorescens.",,,qwen3_direct,What are the typical root diseases affecting peas and what are the effective management strategies?,5,2026-04-10T09:20:18.769047
si_v3_paraph_69b4f872_50,paraphrase_farmer_style,69b4f872c38a976c56f2388b,69b4f1e2c38a976c56f23805,Pea,Punjab,General,Rabi,Disease,"Mera khet me kheer ke bimari hoti hai, kya kya dawai laga sakte hai?","Kheer ke bimari me Fusarium oxysporum aur Rhizoctonia solani jaise khamir badhte hai. Iske lakshan include hain: neeche wale paon ke pata sariya, chhoti nazar aati hai, phir jhuk jata hai. Akhir me akal ki uth jati hai. Iske liye 3-4 saal tak kheer ke khete nahi kheen. Bhari khet chhod do, jisme paani nahi raha ho. Bemari ke seed ko 15 g Pseudomonas fluorescens ke sath lelo. Jyada pani nahi do, chakkar me kheen.",,,qwen3_direct,What are the typical root diseases affecting peas and what are the effective management strategies?,5,2026-04-10T09:20:20.647873
si_v3_paraph_69b4f872_51,paraphrase_short,69b4f872c38a976c56f2388b,69b4f1e2c38a976c56f23805,Pea,Punjab,General,Rabi,Disease,What root diseases affect peas?,"Root diseases in peas include root rot caused by Fusarium oxysporum and Rhizoctonia solani. Symptoms are yellowing leaves, stunted growth, and dark, rotted roots. Management includes crop rotation, good drainage, and seed treatment with Pseudomonas fluorescens.",,,qwen3_direct,What are the typical root diseases affecting peas and what are the effective management strategies?,5,2026-04-10T09:20:21.658167
si_v3_paraph_69b4f872_53,paraphrase_followup,69b4f872c38a976c56f2388b,69b4f1e2c38a976c56f23805,Pea,Punjab,General,Rabi,Disease,What are the specific symptoms of Fusarium root rot in peas?,"In cases of Fusarium root rot, a reddish-brown discoloration of the vascular tissue extending into the stem base is observed.",,,qwen3_direct,What are the typical root diseases affecting peas and what are the effective management strategies?,5,2026-04-10T09:20:23.019400
si_v3_paraph_69b4f872_54,paraphrase_yes_no,69b4f872c38a976c56f2388b,69b4f1e2c38a976c56f23805,Pea,Punjab,General,Rabi,Disease,Does Fusarium oxysporum cause root rot in peas?,Yes. Fusarium oxysporum is one of the pathogens causing root rot in peas.,,,qwen3_direct,What are the typical root diseases affecting peas and what are the effective management strategies?,5,2026-04-10T09:20:23.892489
si_v3_paraph_69b4f872_55,paraphrase_preventive,69b4f872c38a976c56f2388b,69b4f1e2c38a976c56f23805,Pea,Punjab,General,Rabi,Disease,How can root diseases in peas be prevented?,Root diseases in peas can be prevented by rotating crops with non-leguminous plants for 3-4 years. Choose well-drained fields and avoid heavy clay soils. Improve drainage with raised beds. Use certified seeds and treat them with Pseudomonas fluorescens. Practice deep plowing in summer. Keep plants spaced properly. Remove infected plants. Avoid flood irrigation. Add organic matter. Sow at the right time to avoid high moisture and temperature.,,,qwen3_direct,What are the typical root diseases affecting peas and what are the effective management strategies?,5,2026-04-10T09:20:25.232824
si_v3_paraph_69b4f872_56,paraphrase_comparison,69b4f872c38a976c56f2388b,69b4f1e2c38a976c56f23805,Pea,Punjab,General,Rabi,Disease,How do symptoms of Fusarium and Rhizoctonia root rot in peas differ?,"Fusarium root rot causes reddish-brown discoloration of the vascular tissue extending into the stem base. Rhizoctonia solani causes darkened, water-soaked roots that turn brown to black with root decay and rot.",,,qwen3_direct,What are the typical root diseases affecting peas and what are the effective management strategies?,5,2026-04-10T09:20:26.231209
si_v3_paraph_69b4f872_57,paraphrase_cause,69b4f872c38a976c56f2388b,69b4f1e2c38a976c56f23805,Pea,Punjab,General,Rabi,Disease,Why do pea roots become dark and rotten?,"Pea roots become dark and rotten because of root diseases caused by soil-borne fungi like Fusarium oxysporum and Rhizoctonia solani. These fungi attack the roots, causing them to turn brown or black. The roots may also rot, shrink, and lose their healthy white tips. This happens in wet, poorly drained soils, especially when the temperature is between 15-28°C. The plants then struggle to take up water and nutrients, leading to stunted growth and death.",,,qwen3_direct,What are the typical root diseases affecting peas and what are the effective management strategies?,5,2026-04-10T09:20:27.475877
si_v3_paraph_69b4f872_58,paraphrase_quantity_focused,69b4f872c38a976c56f2388b,69b4f1e2c38a976c56f23805,Pea,Punjab,General,Rabi,Disease,How much Pseudomonas fluorescens should be used per kg of pea seed?,Treat the seed with 15 g of Talc based formulation of Pseudomonas fluorescens per kg seed before sowing.,,,qwen3_direct,What are the typical root diseases affecting peas and what are the effective management strategies?,5,2026-04-10T09:20:28.482937
si_v3_paraph_69b4f872_59,paraphrase_timing_focused,69b4f872c38a976c56f2388b,69b4f1e2c38a976c56f23805,Pea,Punjab,General,Rabi,Disease,When should I treat pea seeds to manage root diseases?,Treat the seed with 15 g of Talc based formulation of Pseudomonas fluorescens per kg seed before sowing.,,,qwen3_direct,What are the typical root diseases affecting peas and what are the effective management strategies?,5,2026-04-10T09:20:29.400842
si_v3_paraph_69b4f872_60,paraphrase_regional_hindi,69b4f872c38a976c56f2388b,69b4f1e2c38a976c56f23805,Pea,Punjab,General,Rabi,Disease,Kya peas ki akali me koi bimari hoti hai? Uska ilaj kya hai?,"Peas ki akali me root rot bimari hoti hai, jo Fusarium oxysporum aur Rhizoctonia solani ke karan hoti hai. Is bimari ke lakshan include chhoti peepal ki najuk, paani nahi le sakte, aur akali kala ho jati hai. Ilaj ke liye 15 g Pseudomonas fluorescens ke talc based formulation ka upyog 1 kg seed ke saath kare. Akali ko kharap nahi kare, 3-4 saal tak kisi bhi doosre phal ke saath chakkar lagaye.",,,qwen3_direct,What are the typical root diseases affecting peas and what are the effective management strategies?,5,2026-04-10T09:20:31.161779
si_v3_paraph_69b4f872_61,paraphrase_formal,69b4f872c38a976c56f2388b,69b4f1e2c38a976c56f23805,Pea,Punjab,General,Rabi,Disease,What is the recommended seed treatment method to manage root diseases in peas?,The seed should be treated with 15 g of Talc based formulation of Pseudomonas fluorescens per kg seed before sowing.,,,qwen3_direct,What are the typical root diseases affecting peas and what are the effective management strategies?,6,2026-04-10T09:20:32.054583
si_v3_paraph_69b4f872_62,paraphrase_farmer_style,69b4f872c38a976c56f2388b,69b4f1e2c38a976c56f23805,Pea,Punjab,General,Rabi,Disease,"Mera khet mee peas ke root bimari hui hai, kya kaise rok sakte hai aur seed ko kaise dawa kare?",Peas ke root bimari ke liye seed ko 15 g Pseudomonas fluorescens talc based formulation per kg seed ka upyog kare. Iska upyog seed ko dawa karne ke liye kare. Seed ko dawa karne ke baad sowing kare. Yeh bimari ko rokne me madad karega.,,,qwen3_direct,What are the typical root diseases affecting peas and what are the effective management strategies?,6,2026-04-10T09:20:33.344110
si_v3_paraph_69b4f872_63,paraphrase_short,69b4f872c38a976c56f2388b,69b4f1e2c38a976c56f23805,Pea,Punjab,General,Rabi,Disease,How to treat pea seeds before sowing?,Treat seeds with 15 g of Talc based formulation of Pseudomonas fluorescens per kg seed before sowing.,,,qwen3_direct,What are the typical root diseases affecting peas and what are the effective management strategies?,6,2026-04-10T09:20:34.272383
si_v3_paraph_69b4f872_65,paraphrase_followup,69b4f872c38a976c56f2388b,69b4f1e2c38a976c56f23805,Pea,Punjab,General,Rabi,Disease,How should the seed be treated before sowing to manage root diseases?,Treat the seed with 15 g of Talc based formulation of Pseudomonas fluorescens per kg seed before sowing.,,,qwen3_direct,What are the typical root diseases affecting peas and what are the effective management strategies?,6,2026-04-10T09:20:35.841731
si_v3_paraph_69ab9f3b_1,paraphrase_formal,69ab9f3bc2b602929b3707e3,69ab9d5ec2b602929b3706d0,Maize Makka,Punjab,PATIALA,Kharif,Fertilizer and Nutrient,"What is the recommended composition of NPK 20:20:13 and magnesium sulphate for foliar application in maize crops, and what are the guidelines for their application?","The fertilizer 20:20:13 is not available. It is likely that the farmer is referring to NP(S) 20-20-13, which supplies nitrogen, phosphorus, and sulphur. This fertilizer should be applied to the soil, not as a foliar spray. The recommended dosage of NP(S) 20-20-13 should be based on the crop and soil requirements, as per the state-specific general recommendations. It should be applied during sowing through broadcasting. Foliar spray of NP(S) 20-20-13 is not recommended. Magnesium sulphate should be applied as a foliar spray at 1% concentration (10 g in 1 liter of water) only when sulphur deficiency symptoms are observed. Farmers are advised to conduct soil tests before applying fertilizers and to follow the prescribed methods and quantities. Indiscriminate use of fertilizers as foliar sprays without deficiency symptoms may lead to phytotoxic effects and reduced efficiency.",,,qwen3_direct,What is the recommended foliar spray composition of NPK 20:20:13 and magnesium Sulphate per acre for maize crop?,1,2026-04-10T09:20:37.806030
si_v3_paraph_69ab9f3b_2,paraphrase_farmer_style,69ab9f3bc2b602929b3707e3,69ab9d5ec2b602929b3706d0,Maize Makka,Punjab,PATIALA,Kharif,Fertilizer and Nutrient,Khet me makka ke liye NPK 20:20:13 aur magnesium sulphate ka kya spray karna chahiye?,"20:20:13 ke koi fertiliser nahi hai. Shaayad aap 20:20:0:13 fertiliser ko samajh rahe hai. Is fertiliser me 20% N, 20% P, 13% S hota hai. Isko 100 kg per acre dene se khet me 20 kg N, 20 kg P, 13 kg S milega. Isme K nahi hota. NP(S) 20-20-13 ko zameen me dene ka upyog karna chahiye. Isko bheej ke dene ke samay khet me seed ki sath dene se better results milega. Iska upyog khabar me nahi hai. Aap isko foliar spray ke liye nahi dene chahiye. Agar khet me sulphur ki kami ho to aap magnesium sulphate 1% (10 gram 1 litre pani me) dale. Aap pahle zameen ki testing kara ke fertiliser ka quantity pata kare. Aap fertiliser ko sahi tarah se aur sahi quantity me dale. Agar aap zameen se dene wale fertiliser ko foliar spray me dale to khet par phytotoxic effects ho sakte hain. Aap zameen ki testing kara ke samay kya fertiliser dene ki jaroorat hai, ye pata kare.",,,qwen3_direct,What is the recommended foliar spray composition of NPK 20:20:13 and magnesium Sulphate per acre for maize crop?,1,2026-04-10T09:20:40.396706
si_v3_paraph_69ab9f3b_3,paraphrase_short,69ab9f3bc2b602929b3707e3,69ab9d5ec2b602929b3706d0,Maize Makka,Punjab,PATIALA,Kharif,Fertilizer and Nutrient,What is the foliar spray dosage for NPK 20:20:13 and magnesium sulphate for maize?,The fertilizer 20:20:13 is not recommended for foliar spray. Magnesium sulphate should be applied at 1% (10 gm in 1 liter water) if sulphur deficiency occurs. Always follow soil test recommendations for correct application.,,,qwen3_direct,What is the recommended foliar spray composition of NPK 20:20:13 and magnesium Sulphate per acre for maize crop?,1,2026-04-10T09:20:41.526884
si_v3_paraph_69ab9f3b_4,paraphrase_problem_description,69ab9f3bc2b602929b3707e3,69ab9d5ec2b602929b3706d0,Maize Makka,Punjab,PATIALA,Kharif,Fertilizer and Nutrient,My maize crop is showing yellowing leaves and poor growth — what should I do?,"The crop may be lacking essential nutrients. Apply NP(S) 20-20-13 fertilizer at 100kg per acre during sowing through broadcasting. If sulphur deficiency is observed, use magnesium sulphate at 1% (10 gm in 1 liter water). Always follow soil test recommendations for accurate application.",,,qwen3_direct,What is the recommended foliar spray composition of NPK 20:20:13 and magnesium Sulphate per acre for maize crop?,1,2026-04-10T09:20:42.643422
si_v3_paraph_69ab9f3b_5,paraphrase_followup,69ab9f3bc2b602929b3707e3,69ab9d5ec2b602929b3706d0,Maize Makka,Punjab,PATIALA,Kharif,Fertilizer and Nutrient,How much magnesium sulphate should be used for foliar spray in case of sulphur deficiency in maize?,Magnesium sulphate fertilizer is suggested @ 1% (10 gm in 1 liter water) when sulphur deficiency symptoms are observed on the crop.,,,qwen3_direct,What is the recommended foliar spray composition of NPK 20:20:13 and magnesium Sulphate per acre for maize crop?,1,2026-04-10T09:20:43.658528
si_v3_paraph_69ab9f3b_6,paraphrase_yes_no,69ab9f3bc2b602929b3707e3,69ab9d5ec2b602929b3706d0,Maize Makka,Punjab,PATIALA,Kharif,Fertilizer and Nutrient,Can NP(S) 20-20-0-13 fertilizer be used as a foliar spray for maize?,"No. It is strictly advised to be applied as soil application, and farmers are recommended not to use this fertilizer for foliar spray.",,,qwen3_direct,What is the recommended foliar spray composition of NPK 20:20:13 and magnesium Sulphate per acre for maize crop?,1,2026-04-10T09:20:44.603864
si_v3_paraph_69ab9f3b_7,paraphrase_preventive,69ab9f3bc2b602929b3707e3,69ab9d5ec2b602929b3706d0,Maize Makka,Punjab,PATIALA,Kharif,Fertilizer and Nutrient,How can farmers prevent nutrient deficiencies in maize crops through proper fertilizer application?,"Farmers can prevent nutrient deficiencies in maize crops by applying NP(S) 20-20-13 fertilizer as per the crop and soil requirements, during sowing through broadcasting. It should be applied in the prescribed method and recommended quantity. Farmers are advised to conduct a soil test and apply fertilizers based on the results. It is also advised to apply fertilizers only when necessary and avoid indiscriminate use. Magnesium sulphate can be used as a foliar spray at 1% (10 gm in 1 liter water) if sulphur deficiency symptoms are observed.",,,qwen3_direct,What is the recommended foliar spray composition of NPK 20:20:13 and magnesium Sulphate per acre for maize crop?,1,2026-04-10T09:20:46.012083
si_v3_paraph_69ab9f3b_8,paraphrase_comparison,69ab9f3bc2b602929b3707e3,69ab9d5ec2b602929b3706d0,Maize Makka,Punjab,PATIALA,Kharif,Fertilizer and Nutrient,What is the difference between using NPK 20:20:13 and magnesium sulphate as foliar sprays for maize crops?,"There is no fertilizer named 20:20:13. However, farmer must have mistaken it with 20:20:0:13 fertilizer. NP(S) 20-20-13 should be applied to the soil considering important factors such as placement, proportion and time of crop cycle. It should be applied during sowing and through broadcasting. There is no mention of its usage as foliar spray. However, since it is strictly advised to be applied as soil application, farmers are recommended not to use this fertilizer for foliar spray. Magnesium sulphate fertilizer is suggested @ 1% (10 gm in 1 liter water) when sulphur deficiency symptoms are observed on the crop.",,,qwen3_direct,What is the recommended foliar spray composition of NPK 20:20:13 and magnesium Sulphate per acre for maize crop?,1,2026-04-10T09:20:47.711490
si_v3_paraph_69ab9f3b_9,paraphrase_cause,69ab9f3bc2b602929b3707e3,69ab9d5ec2b602929b3706d0,Maize Makka,Punjab,PATIALA,Kharif,Fertilizer and Nutrient,Why is it not advisable to use NP(S) 20-20-0-13 as a foliar spray for maize?,"It is advised not to use this fertilizer for foliar spray because it is strictly recommended for soil application. Applying soil-applied fertilizers through foliar spray may cause phytotoxic effects on the crop or reduce fertilizer efficiency, thereby increasing the cost of cultivation.",,,qwen3_direct,What is the recommended foliar spray composition of NPK 20:20:13 and magnesium Sulphate per acre for maize crop?,1,2026-04-10T09:20:48.791376
si_v3_paraph_69ab9f3b_10,paraphrase_quantity_focused,69ab9f3bc2b602929b3707e3,69ab9d5ec2b602929b3706d0,Maize Makka,Punjab,PATIALA,Kharif,Fertilizer and Nutrient,What is the recommended dosage of NP(S) 20-20-0-13 fertilizer for maize crop in Punjab?,"The dosage should be as per the crop and the soil (As per general recommendation for the State). It is advised not to use the NP(S) 20-20-0-13 with standing crops, application of NP(S) 20-20-0-13 through seed-cum fertilizer gives better outputs. The farmer is also strictly advised to apply fertilizers only in the prescribed method and in the recommended quantity.",,,qwen3_direct,What is the recommended foliar spray composition of NPK 20:20:13 and magnesium Sulphate per acre for maize crop?,1,2026-04-10T09:20:50.161500
si_v3_paraph_69ab9f3b_11,paraphrase_timing_focused,69ab9f3bc2b602929b3707e3,69ab9d5ec2b602929b3706d0,Maize Makka,Punjab,PATIALA,Kharif,Fertilizer and Nutrient,When should NP(S) 20-20-13 fertilizer be applied for maize crop?,"NP(S) 20-20-13 should be applied during sowing and through broadcasting. The dosage should be as per the crop and the soil (As per general recommendation for the State). It is advised not to use the NP(S) 20-20-0-13 with standing crops, application of NP(S) 20-20-0-13 through seed-cum fertilizer gives better outputs.",,,qwen3_direct,What is the recommended foliar spray composition of NPK 20:20:13 and magnesium Sulphate per acre for maize crop?,1,2026-04-10T09:20:51.418008
si_v3_paraph_69ab9f3b_12,paraphrase_regional_hindi,69ab9f3bc2b602929b3707e3,69ab9d5ec2b602929b3706d0,Maize Makka,Punjab,PATIALA,Kharif,Fertilizer and Nutrient,Makka ke khete me NPK 20:20:13 ka kya ilaj hai aur kya mahsulat ka use karna chahiye?,"20:20:13 naam ka koi mahsulat nahi hai. Kisan ke liye 20:20:0:13 mahsulat ki galati ho sakti hai. 20:20:0:13 nitrogen, phosphorus aur sulfur provide karta hai. 100kg mahsulat 20kg nitrogen, 20kg phosphorus aur 13kg sulfur provide karta hai. Is mahsulat me potassium nahi hota. NP(S) 20-20-13 ko khet me apply karna chahiye, jisme khet ke hisab se vikas, samay aur prakar ke hisab se apply karna chahiye. Iska istemal khet me seed ke sath bhi karte hai. Iska koi mention foliar spray ke liye nahi hai. Isliye kisan ko is mahsulat ko foliar spray ke liye istemal karna band karna chahiye. Jaise hi kisi khet me sulfur ki kurati dikhe, magnesium sulphate ka 1% (10 gm per liter pani) istemal karna chahiye. Kisan ko soil test ke baad mahsulat ka istemal karna chahiye. Soil test ke hisab se kisan ko mahsulat ka quantity pata chalega. Kisan ko mahsulat ke prescribed method aur quantity ke hisab se istemal karna chahiye. Agar kisan soil applied mahsulat ko foliar spray ke liye istemal kare, toh crop ke liye phytotoxic effects ho sakte hai aur mahsulat ki efficiency kam ho sakti hai. Kisan ko is baare me jyada jankari ke liye koi vishesha karkar ke sath kare.",,,qwen3_direct,What is the recommended foliar spray composition of NPK 20:20:13 and magnesium Sulphate per acre for maize crop?,1,2026-04-10T09:20:54.474987
si_v3_paraph_69ab9f3b_13,paraphrase_formal,69ab9f3bc2b602929b3707e3,69ab9d5ec2b602929b3706d0,Maize Makka,Punjab,PATIALA,Kharif,Fertilizer and Nutrient,"What is the appropriate composition and application method for NP(S) 20-20-13 fertilizer and magnesium sulphate in the context of maize cultivation, considering crop rotation duration?","NP(S) 20-20-13 fertilizer is not a standard fertilizer and is not recommended for use as a foliar spray. It provides nitrogen, phosphorus, and sulphur, with 100 kg of this fertilizer supplying 20 kg of nitrogen, 20 kg of phosphorus, and 13 kg of sulphur. This fertilizer should be applied as a soil application during sowing through broadcasting. It is not recommended for use with standing crops. The dosage should be determined based on the crop, soil conditions, and state-specific recommendations. Magnesium sulphate should be applied at 1% concentration (10 gm in 1 liter of water) if sulphur deficiency symptoms are observed. Soil testing is recommended before applying any fertilizer. The use of soil-applied fertilizers as foliar sprays without observed deficiency symptoms may lead to phytotoxic effects or reduced efficiency. Application must be done as per prescribed methods and in the recommended quantities.",,,qwen3_direct,What is the recommended foliar spray composition of NPK 20:20:13 and magnesium Sulphate per acre for maize crop?,2,2026-04-10T09:20:56.503030
si_v3_paraph_69ab9f3b_14,paraphrase_farmer_style,69ab9f3bc2b602929b3707e3,69ab9d5ec2b602929b3706d0,Maize Makka,Punjab,PATIALA,Kharif,Fertilizer and Nutrient,Makka khet mein NPK 20:20:13 aur magnesium sulphate ke liye kya foliar spray ka composition hota hai?,"NPK 20:20:13 fertilizer ke naam se koi fertilizer nahi hai. Shyad aapko 20:20:0:13 fertilizer ke baare mein samajh mein aaya ho. Yeh fertilizer nitrogen, phosphorus aur sulphur deta hai. 100 kg fertilizer mein 20 kg nitrogen, 20 kg phosphorus aur 13 kg sulphur hota hai. Is fertilizer mein potassium nahi hota. NP(S) 20-20-13 ko khet mein kachha chakkar lekar dene ka saran diya jata hai. Yeh fertilizer kachha chakkar lekar dene ke liye hota hai. Iska doz uthane ki jaroorat hai. Iska doz khet aur state ke hisab se hota hai. Aapko is fertilizer ko kachha chakkar lekar dene ke liye aapko kachha chakkar lekar dene ke liye kuch samay ki jaroorat hai. Agar aap kachha chakkar lekar dene ke liye is fertilizer ka upyog karte hai to itna kuch kuch nahi hota hai. Is fertilizer ko kachha chakkar lekar dene ke liye kuch samay ki jaroorat hoti hai. Agar aap kachha chakkar lekar dene ke liye is fertilizer ka upyog karte hai to aapko kuch samay ki jaroorat hoti hai. MgSO4 fertilizer ko 1% (10 gm 1 liter pani mein) ke hisab se dene ka saran diya jata hai jab kuch symptoms dekhe jaate hain. Aapko pahle khet ka soil test karna chahiye. Soil test ke hisab se aapko fertilizers ka quantity pata chalega. Aapko fertilizers ko sahi tarah se uthana chahiye. Agar aap kachha chakkar lekar dene ke liye fertilizers ko foliar spray ke roop mein uthate hai to itna kuch kuch nahi hota hai. Agar aap kuch symptoms ke bina kuch kuch nahi hota hai to itna kuch kuch nahi hota hai.",,,qwen3_direct,What is the recommended foliar spray composition of NPK 20:20:13 and magnesium Sulphate per acre for maize crop?,2,2026-04-10T09:21:00.100046
si_v3_paraph_69ab9f3b_15,paraphrase_short,69ab9f3bc2b602929b3707e3,69ab9d5ec2b602929b3706d0,Maize Makka,Punjab,PATIALA,Kharif,Fertilizer and Nutrient,How long should crop rotation last for maize?,The seed answer does not provide information on crop rotation duration for maize. No specific duration is mentioned.,,,qwen3_direct,What is the recommended foliar spray composition of NPK 20:20:13 and magnesium Sulphate per acre for maize crop?,2,2026-04-10T09:21:00.940870
si_v3_paraph_69ab9f3b_17,paraphrase_followup,69ab9f3bc2b602929b3707e3,69ab9d5ec2b602929b3706d0,Maize Makka,Punjab,PATIALA,Kharif,Fertilizer and Nutrient,How long should the crop rotation be if I use NP(S) 20-20-0-13 fertilizer?,"There is no mention of its usage as foliar spray. However, since it is strictly advised to be applied as soil application, farmers are recommended not to use this fertilizer for foliar spray. NP(S) 20-20-0-13 should be applied during sowing and through broadcasting. The dosage should be as per the crop and the soil (As per general recommendation for the State). It is advised not to use the NP(S) 20-20-0-13 with standing crops, application of NP(S) 20-20-0-13 through seed-cum fertilizer gives better outputs.",,,qwen3_direct,What is the recommended foliar spray composition of NPK 20:20:13 and magnesium Sulphate per acre for maize crop?,2,2026-04-10T09:21:02.985192
si_v3_paraph_69ab9f3b_18,paraphrase_yes_no,69ab9f3bc2b602929b3707e3,69ab9d5ec2b602929b3706d0,Maize Makka,Punjab,PATIALA,Kharif,Fertilizer and Nutrient,Is it advisable to use NP(S) 20-20-0-13 fertilizer as a foliar spray for maize crops?,"No, it is not advisable to use NP(S) 20-20-0-13 fertilizer as a foliar spray for maize crops. The seed answer clearly states that it is strictly advised to be applied as soil application and farmers are recommended not to use this fertilizer for foliar spray.",,,qwen3_direct,What is the recommended foliar spray composition of NPK 20:20:13 and magnesium Sulphate per acre for maize crop?,2,2026-04-10T09:21:04.169972
si_v3_paraph_69ab9f3b_19,paraphrase_preventive,69ab9f3bc2b602929b3707e3,69ab9d5ec2b602929b3706d0,Maize Makka,Punjab,PATIALA,Kharif,Fertilizer and Nutrient,How can farmers prevent issues related to improper fertilizer application for maize in Punjab?,Farmers can prevent issues related to improper fertilizer application for maize by applying NP(S) 20-20-13 as per soil test recommendations and crop requirements. It should be applied during sowing through broadcasting and not as a foliar spray. Crop rotation for an appropriate duration can also help maintain soil fertility. Farmers should avoid using fertilizers indiscriminately and follow the prescribed method and quantity. Magnesium sulphate can be used as a foliar spray at 1% (10 gm in 1 liter water) only when sulphur deficiency symptoms are observed. Soil testing is strongly advised before applying any fertilizer.,,,qwen3_direct,What is the recommended foliar spray composition of NPK 20:20:13 and magnesium Sulphate per acre for maize crop?,2,2026-04-10T09:21:05.571818
si_v3_paraph_69ab9f3b_20,paraphrase_comparison,69ab9f3bc2b602929b3707e3,69ab9d5ec2b602929b3706d0,Maize Makka,Punjab,PATIALA,Kharif,Fertilizer and Nutrient,How does the use of NP(S) 20-20-0-13 compare to magnesium sulphate for maize in terms of crop rotation duration?,"NP(S) 20-20-0-13 is recommended for soil application during sowing and through broadcasting, and it is not suggested for use as a foliar spray. Magnesium sulphate is used as a foliar spray at 1% concentration when sulphur deficiency symptoms are observed. There is no mention of crop rotation duration for either of these fertilizers in the provided information.",,,qwen3_direct,What is the recommended foliar spray composition of NPK 20:20:13 and magnesium Sulphate per acre for maize crop?,2,2026-04-10T09:21:06.922063
si_v3_paraph_69ab9f3b_21,paraphrase_cause,69ab9f3bc2b602929b3707e3,69ab9d5ec2b602929b3706d0,Maize Makka,Punjab,PATIALA,Kharif,Fertilizer and Nutrient,Why is NP(S) 20-20-0-13 not suitable for foliar spray in maize?,"NP(S) 20-20-0-13 is strictly advised to be applied as soil application, and farmers are recommended not to use this fertilizer for foliar spray. Applying soil-applied fertilizers through foliar spray, or the indiscriminate use of fertilizers as foliar sprays without the occurrence of any deficiency symptoms, may cause phytotoxic effects on the crop or reduce fertilizer efficiency, thereby increasing the cost of cultivation.",,,qwen3_direct,What is the recommended foliar spray composition of NPK 20:20:13 and magnesium Sulphate per acre for maize crop?,2,2026-04-10T09:21:08.194699
si_v3_paraph_69ab9f3b_22,paraphrase_quantity_focused,69ab9f3bc2b602929b3707e3,69ab9d5ec2b602929b3706d0,Maize Makka,Punjab,PATIALA,Kharif,Fertilizer and Nutrient,How long should the crop rotation duration be for maize in Punjab?,There is no mention of crop rotation duration for maize in the provided information.,,,qwen3_direct,What is the recommended foliar spray composition of NPK 20:20:13 and magnesium Sulphate per acre for maize crop?,2,2026-04-10T09:21:09.068379
si_v3_paraph_69ab9f3b_23,paraphrase_timing_focused,69ab9f3bc2b602929b3707e3,69ab9d5ec2b602929b3706d0,Maize Makka,Punjab,PATIALA,Kharif,Fertilizer and Nutrient,When should NP(S) 20-20-0-13 fertilizer be applied for maize crop in Punjab?,"NP(S) 20-20-0-13 should be applied during sowing and through broadcasting. It should be applied considering important factors such as placement, proportion, and time of crop cycle. The dosage should be as per the crop and the soil (As per general recommendation for the State).",,,qwen3_direct,What is the recommended foliar spray composition of NPK 20:20:13 and magnesium Sulphate per acre for maize crop?,2,2026-04-10T09:21:10.239148
si_v3_paraph_69ab9f3b_25,paraphrase_formal,69ab9f3bc2b602929b3707e3,69ab9d5ec2b602929b3706d0,Maize Makka,Punjab,PATIALA,Kharif,Fertilizer and Nutrient,What is the appropriate timing and method for the application of NP(S) 20-20-0-13 fertilizer for the maize crop?,"NP(S) 20-20-0-13 fertilizer should be applied during sowing through broadcasting. The timing of application is crucial and should be aligned with the crop cycle. It is recommended to apply this fertilizer during the early stages of crop growth. Farmers are advised to apply the fertilizer based on the specific needs of the crop and soil conditions, as determined by a soil test. It is not advisable to apply this fertilizer to standing crops or through seed-cum fertilizer methods. The fertilizer must be applied strictly as a soil application and not as a foliar spray.",,,qwen3_direct,What is the recommended foliar spray composition of NPK 20:20:13 and magnesium Sulphate per acre for maize crop?,3,2026-04-10T09:21:18.137724
si_v3_paraph_69ab9f3b_26,paraphrase_farmer_style,69ab9f3bc2b602929b3707e3,69ab9d5ec2b602929b3706d0,Maize Makka,Punjab,PATIALA,Kharif,Fertilizer and Nutrient,Makka ke khet me NPK 20:20:13 ka foliar spray kis waqt karna chahiye aur kaise karna chahiye?,"NPK 20:20:13 koi fertilizer nahi hai. 20:20:0:13 fertilizer ka istemal karna chahiye. 20:20:0:13 fertilizer me 20 kg Nitrogen, 20 kg Phosphorus aur 13 kg Sulphur hota hai. Yeh fertilizer soil me dalna chahiye, jaise seed ke saath ya seed-cum fertilizer ke roop me. Foliar spray ke liye iska istemal nahi kiya jana chahiye. Agar kisi khet me sulphur ki kurait ho rahi hai, to magnesium sulphate 1% (10 gm per liter pani) ke roop me spray karna chahiye. Soil test ke baad hi fertilizer ka istemal karna chahiye. Fertilizer ko sahi tarah se istemal karo, jise khet par koi phytotoxic effects na ho.",,,qwen3_direct,What is the recommended foliar spray composition of NPK 20:20:13 and magnesium Sulphate per acre for maize crop?,3,2026-04-10T09:21:20.144544
si_v3_paraph_69ab9f3b_27,paraphrase_short,69ab9f3bc2b602929b3707e3,69ab9d5ec2b602929b3706d0,Maize Makka,Punjab,PATIALA,Kharif,Fertilizer and Nutrient,When to apply NP(S) 20-20-13 fertilizer for maize?,Apply NP(S) 20-20-13 during sowing through broadcasting. Avoid using it on standing crops. Follow soil test recommendations for timing and method.,,,qwen3_direct,What is the recommended foliar spray composition of NPK 20:20:13 and magnesium Sulphate per acre for maize crop?,3,2026-04-10T09:21:21.150617
si_v3_paraph_69ab9f3b_28,paraphrase_problem_description,69ab9f3bc2b602929b3707e3,69ab9d5ec2b602929b3706d0,Maize Makka,Punjab,PATIALA,Kharif,Fertilizer and Nutrient,My maize plants are showing yellowing between the veins and stunted growth — what should I do?,This could be a sulphur deficiency. Apply magnesium sulphate at 1% (10 gm in 1 liter water) when deficiency symptoms are observed. Apply NP(S) 20-20-0-13 during sowing through broadcasting. Always conduct a soil test before applying any fertilizer.,,,qwen3_direct,What is the recommended foliar spray composition of NPK 20:20:13 and magnesium Sulphate per acre for maize crop?,3,2026-04-10T09:21:22.289033
si_v3_paraph_69ab9f3b_29,paraphrase_followup,69ab9f3bc2b602929b3707e3,69ab9d5ec2b602929b3706d0,Maize Makka,Punjab,PATIALA,Kharif,Fertilizer and Nutrient,When should NP(S) 20-20-0-13 be applied during the crop cycle?,"NP(S) 20-20-0-13 should be applied during sowing and through broadcasting. It should be applied considering important factors such as placement, proportion, and time of crop cycle.",,,qwen3_direct,What is the recommended foliar spray composition of NPK 20:20:13 and magnesium Sulphate per acre for maize crop?,3,2026-04-10T09:21:23.293362
si_v3_paraph_69ab9f3b_31,paraphrase_preventive,69ab9f3bc2b602929b3707e3,69ab9d5ec2b602929b3706d0,Maize Makka,Punjab,PATIALA,Kharif,Fertilizer and Nutrient,How can the timing of NP(S) 20-20-13 fertilizer application be managed to avoid problems in maize crops?,NP(S) 20-20-13 should be applied during sowing and through broadcasting. The timing of application should be considered according to the crop cycle and soil conditions. It is advised not to use this fertilizer for foliar spray and to apply it as soil application. Farmers are recommended to apply fertilizers only in the prescribed method and in the recommended quantity. The timing of application should be based on the crop's needs and soil test results.,,,qwen3_direct,What is the recommended foliar spray composition of NPK 20:20:13 and magnesium Sulphate per acre for maize crop?,3,2026-04-10T09:21:25.099939
si_v3_paraph_69ab9f3b_32,paraphrase_comparison,69ab9f3bc2b602929b3707e3,69ab9d5ec2b602929b3706d0,Maize Makka,Punjab,PATIALA,Kharif,Fertilizer and Nutrient,When should NP(S) 20-20-0-13 and magnesium sulphate be applied for maize in Punjab?,NP(S) 20-20-0-13 should be applied during sowing and through broadcasting. Magnesium sulphate should be applied when sulphur deficiency symptoms are observed on the crop.,,,qwen3_direct,What is the recommended foliar spray composition of NPK 20:20:13 and magnesium Sulphate per acre for maize crop?,3,2026-04-10T09:21:26.130094
si_v3_paraph_69ab9f3b_34,paraphrase_quantity_focused,69ab9f3bc2b602929b3707e3,69ab9d5ec2b602929b3706d0,Maize Makka,Punjab,PATIALA,Kharif,Fertilizer and Nutrient,When should magnesium sulphate be applied to maize crops in Punjab?,Magnesium sulphate fertilizer is suggested @ 1% (10 gm in 1 liter water) when sulphur deficiency symptoms are observed on the crop.,,,qwen3_direct,What is the recommended foliar spray composition of NPK 20:20:13 and magnesium Sulphate per acre for maize crop?,3,2026-04-10T09:21:27.816337
si_v3_paraph_69ab9f3b_36,paraphrase_regional_hindi,69ab9f3bc2b602929b3707e3,69ab9d5ec2b602929b3706d0,Maize Makka,Punjab,PATIALA,Kharif,Fertilizer and Nutrient,Makka ke khet me NP(S) 20-20-13 ka application kaise karna chahiye?,NP(S) 20-20-13 ko seed sath fertilizer ke roop me uthane chahiye. Iska application sowing ke samay karna chahiye aur broadcast karke daina chahiye. Khet ke hisab se aur bhumi ke hisab se iska dosha karne ka samay badhaye rakhna chahiye. Yeh fertilizer sirf khet me apply karna chahiye aur kisi bhi khet me chhod ke nahi daina chahiye.,,,qwen3_direct,What is the recommended foliar spray composition of NPK 20:20:13 and magnesium Sulphate per acre for maize crop?,3,2026-04-10T09:21:30.034050
si_v3_paraph_69ab9f3b_37,paraphrase_formal,69ab9f3bc2b602929b3707e3,69ab9d5ec2b602929b3706d0,Maize Makka,Punjab,PATIALA,Kharif,Fertilizer and Nutrient,What is the appropriate composition and method of application of NP(S) 20-20-13 fertilizer along with magnesium sulphate for the cultivation of maize in Punjab during the Kharif season?,"The fertilizer NP(S) 20-20-13 contains 20% nitrogen, 20% phosphorus, and 13% sulphur. It is not a source of potassium. This fertilizer should be applied to the soil during sowing through broadcasting. The dosage should be determined based on the specific crop requirements and soil conditions. It is not recommended for use as a foliar spray. Magnesium sulphate should be applied at a concentration of 1% (10 grams in 1 liter of water) if symptoms of sulphur deficiency are observed. Farmers are advised to conduct a soil test before applying any fertilizer. The application method and quantity should strictly follow the recommended guidelines to avoid phytotoxic effects or reduced fertilizer efficiency. Soil application is the preferred method, and foliar application should only be considered when deficiency symptoms are confirmed.",,,qwen3_direct,What is the recommended foliar spray composition of NPK 20:20:13 and magnesium Sulphate per acre for maize crop?,4,2026-04-10T09:21:31.834912
si_v3_paraph_69ab9f3b_38,paraphrase_farmer_style,69ab9f3bc2b602929b3707e3,69ab9d5ec2b602929b3706d0,Maize Makka,Punjab,PATIALA,Kharif,Fertilizer and Nutrient,Makka khet me 20:20:13 NPK ka kya doosra naam hai? Kya iska use pani me dho ke chhaapana chahiye?,"20:20:13 ke koi utha nahi hai. Kisan ne 20:20:0:13 ka naam galat bolo. 20:20:0:13 me 20 kg nitrogen, 20 kg phosphorus, 13 kg sulfur hota hai. 100 kg is fertilizer se khet me 20 kg nitrogen, 20 kg phosphorus, 13 kg sulfur milega. Is fertilizer me potassium nahi hota. NP(S) 20-20-13 ko zameen me dene ka samay, jagah, or kheta ki jarurat ke hisab se dene ka sari sari chije dekhni hoti hai. Isko bihar me daalna chahiye or bhar dene ka tareeka chahiye. 20:20:0:13 ko kheta me dene ka koi mention nahi hai. Iska pani me chhaapana nahi chahiye. Agar kheta me sulfur ki kam khabar hoti hai to magnesium sulphate 1% (10 gm 1 liter pani me) dene ka sari sari chije dekhni hoti hai. Zameen test karein or uske hisab se dene ka tareeka chahiye. Zameen me dene wale fertilizer ko pani me chhaapna nahi chahiye. Agar koi kam nahi ho to zameen me dene se badhiya nahi hota. Zameen test ke baad hi fertilizer dene ka tareeka chahiye.",,,qwen3_direct,What is the recommended foliar spray composition of NPK 20:20:13 and magnesium Sulphate per acre for maize crop?,4,2026-04-10T09:21:34.873149
si_v3_paraph_69ab9f3b_39,paraphrase_short,69ab9f3bc2b602929b3707e3,69ab9d5ec2b602929b3706d0,Maize Makka,Punjab,PATIALA,Kharif,Fertilizer and Nutrient,How to apply NP(S) 20-20-13 for maize?,Apply 100 kg per acre during sowing via broadcasting. Do not use as foliar spray. Check soil test for exact dosage and avoid overuse.,,,qwen3_direct,What is the recommended foliar spray composition of NPK 20:20:13 and magnesium Sulphate per acre for maize crop?,4,2026-04-10T09:21:35.797641
si_v3_paraph_69ab9f3b_41,paraphrase_followup,69ab9f3bc2b602929b3707e3,69ab9d5ec2b602929b3706d0,Maize Makka,Punjab,PATIALA,Kharif,Fertilizer and Nutrient,How does the soil condition affect the application of NP(S) 20-20-0-13 fertilizer?,"The dosage should be as per the crop and the soil (As per general recommendation for the State). It is advised not to use the NP(S) 20-20-0-13 with standing crops, application of NP(S) 20-20-0-13 through seed-cum fertilizer gives better outputs. The farmer is advised to apply fertilizers after conducting a soil test. Based on the results of the soil test, the farmer should determine the quantity of fertilizers to be applied.",,,qwen3_direct,What is the recommended foliar spray composition of NPK 20:20:13 and magnesium Sulphate per acre for maize crop?,4,2026-04-10T09:21:37.895389
si_v3_paraph_69ab9f3b_43,paraphrase_preventive,69ab9f3bc2b602929b3707e3,69ab9d5ec2b602929b3706d0,Maize Makka,Punjab,PATIALA,Kharif,Fertilizer and Nutrient,What are the soil management practices to prevent nutrient deficiency in maize crops?,"To prevent nutrient deficiency in maize crops, farmers should apply NP(S) 20-20-13 fertilizer as per the crop and soil conditions, considering placement, proportion, and time of crop cycle. It should be applied during sowing through broadcasting. The dosage should be as per the crop and the soil (As per general recommendation for the State). Farmers are advised to apply fertilizers after conducting a soil test and to determine the quantity of fertilizers to be applied based on the results. It is strictly advised to apply fertilizers only in the prescribed method and in the recommended quantity to avoid phytotoxic effects on the crop.",,,qwen3_direct,What is the recommended foliar spray composition of NPK 20:20:13 and magnesium Sulphate per acre for maize crop?,4,2026-04-10T09:21:39.817111
si_v3_paraph_69ab9f3b_44,paraphrase_comparison,69ab9f3bc2b602929b3707e3,69ab9d5ec2b602929b3706d0,Maize Makka,Punjab,PATIALA,Kharif,Fertilizer and Nutrient,How does the application of NP(S) 20-20-0-13 differ from magnesium sulphate in terms of soil condition and application method for maize in Punjab?,"NP(S) 20-20-0-13 is a soil-applied fertilizer that supplies nitrogen, phosphorus, and sulphur and should be applied during sowing through broadcasting. It is not recommended for foliar spray. Magnesium sulphate, on the other hand, is suggested as a foliar spray at 1% (10 gm in 1 liter water) when sulphur deficiency symptoms are observed. The application method of NP(S) 20-20-0-13 is soil-based, while magnesium sulphate is used as a foliar spray depending on the crop's deficiency symptoms.",,,qwen3_direct,What is the recommended foliar spray composition of NPK 20:20:13 and magnesium Sulphate per acre for maize crop?,4,2026-04-10T09:21:41.339576
si_v3_paraph_69ab9f3b_45,paraphrase_cause,69ab9f3bc2b602929b3707e3,69ab9d5ec2b602929b3706d0,Maize Makka,Punjab,PATIALA,Kharif,Fertilizer and Nutrient,What causes the recommendation against using NP(S) 20-20-0-13 as a foliar spray for maize?,"The recommendation against using NP(S) 20-20-0-13 as a foliar spray for maize is because it is strictly advised to be applied as a soil application. Applying soil-applied fertilizers through foliar spray, or the indiscriminate use of fertilizers as foliar sprays without the occurrence of any deficiency symptoms, may cause phytotoxic effects on the crop or reduce fertilizer efficiency, thereby increasing the cost of cultivation.",,,qwen3_direct,What is the recommended foliar spray composition of NPK 20:20:13 and magnesium Sulphate per acre for maize crop?,4,2026-04-10T09:21:42.722195
si_v3_paraph_69ab9f3b_46,paraphrase_quantity_focused,69ab9f3bc2b602929b3707e3,69ab9d5ec2b602929b3706d0,Maize Makka,Punjab,PATIALA,Kharif,Fertilizer and Nutrient,How much magnesium sulphate should be applied per acre for maize in Punjab when sulphur deficiency is observed?,Magnesium sulphate fertilizer is suggested @ 1% (10 gm in 1 liter water) when sulphur deficiency symptoms are observed on the crop.,,,qwen3_direct,What is the recommended foliar spray composition of NPK 20:20:13 and magnesium Sulphate per acre for maize crop?,4,2026-04-10T09:21:43.666407
si_v3_paraph_69ab9f3b_48,paraphrase_regional_hindi,69ab9f3bc2b602929b3707e3,69ab9d5ec2b602929b3706d0,Maize Makka,Punjab,PATIALA,Kharif,Fertilizer and Nutrient,Makka ke khet me NPK 20:20:13 aur magnesium sulphate ki foliar spray kya hoga?,"20:20:13 ke koi fertiliser nahi hai. Kisan ko 20:20:0:13 fertiliser ke saath galat samajh saktay hain. 20:20:0:13 azot, fosfor aur sulphur deta hai. 100kg fertiliser 20kg azot, 20kg fosfor aur 13kg sulphur deta hai. Yeh potassium nahi deta. NP(S) 20-20-13 ko khet mein daalna chahiye. Iska istemal bija ke saath ya broadcast ke roop mein karna chahiye. Dosis jaste khet aur mazdoor ke hisab se hoti hai. Kisan ko soil test kara ke fertiliser ka quantity nikaalna chahiye. Iska istemal kisi bhi aksar khet me nahi karna chahiye. Yeh strictly soil application ke liye hai. Kisan ko foliar spray ke liye istemal nahi karna chahiye. Agar khet me sulphur ke kam ki tanda milay to magnesium sulphate 1% (10 gm per liter pani) ke roop me dali jaye. Kisan ko apne khet ke hisab se fertiliser istemal karna chahiye.",,,qwen3_direct,What is the recommended foliar spray composition of NPK 20:20:13 and magnesium Sulphate per acre for maize crop?,4,2026-04-10T09:21:47.061422
si_v3_paraph_69ab9f3b_49,paraphrase_formal,69ab9f3bc2b602929b3707e3,69ab9d5ec2b602929b3706d0,Maize Makka,Punjab,PATIALA,Kharif,Fertilizer and Nutrient,"What is the correct composition of NP(S) 20-20-13 fertilizer and magnesium sulphate for maize, and how should they be applied?","The fertilizer 20:20:0:13 is not a standard NPK fertilizer. It provides 20% nitrogen, 20% phosphorus, and 13% sulphur. It does not contain potassium. It should be applied as a soil fertilizer during sowing through broadcasting. It should not be used for foliar sprays. Magnesium sulphate should be used at 1% (10 grams in 1 liter water) if sulphur deficiency is observed. Farmers should conduct a soil test before applying fertilizers. Fertilizers should be applied as recommended. Using soil fertilizers as foliar sprays without deficiency symptoms can cause harm to the crop.",,,qwen3_direct,What is the recommended foliar spray composition of NPK 20:20:13 and magnesium Sulphate per acre for maize crop?,5,2026-04-10T09:21:48.620197
si_v3_paraph_69ab9f3b_50,paraphrase_farmer_style,69ab9f3bc2b602929b3707e3,69ab9d5ec2b602929b3706d0,Maize Makka,Punjab,PATIALA,Kharif,Fertilizer and Nutrient,Khet me makka ke liye NPK 20:20:13 ka kya spray karna chahiye?,"20:20:13 naam ka koi poushak nahi hai. Shaayad aapne NP(S) 20-20-13 ko samajh liya hai. Is poushak me 20% N, 20% P, 13% S hota hai. Iska 100 kg 20 kg N, 20 kg P, 13 kg S deta hai. Iska koi K nahi hai. Is poushak ko khet me uthaane ke samay uthana chahiye. Iska 1% (10 gm per liter pani) ka istemal jab koi sulphur ke kam ki tanda milte hai to karna chahiye. Iska istemal uthaane me karna chahiye, spray me nahi. Poushak ke istemal se phytotoxicity ho sakti hai. So, poushak ke istemal se pahle soil test karo.",,,qwen3_direct,What is the recommended foliar spray composition of NPK 20:20:13 and magnesium Sulphate per acre for maize crop?,5,2026-04-10T09:21:50.787205
si_v3_paraph_69ab9f3b_52,paraphrase_problem_description,69ab9f3bc2b602929b3707e3,69ab9d5ec2b602929b3706d0,Maize Makka,Punjab,PATIALA,Kharif,Fertilizer and Nutrient,My maize plants are showing yellowing leaves and poor growth — what should I do?,The plants may lack nutrients. Apply NP(S) 20-20-13 during sowing through broadcasting. Check soil test results before applying. Use magnesium sulphate @ 1% if sulphur deficiency is seen.,,,qwen3_direct,What is the recommended foliar spray composition of NPK 20:20:13 and magnesium Sulphate per acre for maize crop?,5,2026-04-10T09:21:52.309267
si_v3_paraph_69ab9f3b_53,paraphrase_followup,69ab9f3bc2b602929b3707e3,69ab9d5ec2b602929b3706d0,Maize Makka,Punjab,PATIALA,Kharif,Fertilizer and Nutrient,What are the symptoms of sulphur deficiency in maize?,Magnesium sulphate fertilizer is suggested @ 1% (10 gm in 1 liter water) when sulphur deficiency symptoms are observed on the crop.,,,qwen3_direct,What is the recommended foliar spray composition of NPK 20:20:13 and magnesium Sulphate per acre for maize crop?,5,2026-04-10T09:21:53.217743
si_v3_paraph_69ab9f3b_55,paraphrase_preventive,69ab9f3bc2b602929b3707e3,69ab9d5ec2b602929b3706d0,Maize Makka,Punjab,PATIALA,Kharif,Fertilizer and Nutrient,How can farmers prevent sulphur deficiency in maize crops?,"Farmers should apply NP(S) 20-20-13 fertilizer during sowing through broadcasting. They should use it as per soil test results and crop needs. If sulphur deficiency symptoms appear, they can use magnesium sulphate at 1% (10 gm in 1 liter water). Farmers must avoid using fertilizers as foliar sprays unless needed. They should follow the prescribed method and quantity for fertilizers.",,,qwen3_direct,What is the recommended foliar spray composition of NPK 20:20:13 and magnesium Sulphate per acre for maize crop?,5,2026-04-10T09:21:54.877512
si_v3_paraph_69ab9f3b_56,paraphrase_comparison,69ab9f3bc2b602929b3707e3,69ab9d5ec2b602929b3706d0,Maize Makka,Punjab,PATIALA,Kharif,Fertilizer and Nutrient,How is NP(S) 20-20-0-13 different from magnesium sulphate in maize farming?,"NP(S) 20-20-0-13 provides nitrogen, phosphorus, and sulphur but not potassium. It is applied to the soil, not as a foliar spray. Magnesium sulphate is used as a foliar spray when sulphur deficiency occurs. NP(S) 20-20-0-13 is not recommended for foliar use. Magnesium sulphate is applied at 1% concentration.",,,qwen3_direct,What is the recommended foliar spray composition of NPK 20:20:13 and magnesium Sulphate per acre for maize crop?,5,2026-04-10T09:21:56.150670
si_v3_paraph_69ab9f3b_57,paraphrase_cause,69ab9f3bc2b602929b3707e3,69ab9d5ec2b602929b3706d0,Maize Makka,Punjab,PATIALA,Kharif,Fertilizer and Nutrient,Why is NP(S) 20-20-0-13 not recommended for foliar spray?,"NP(S) 20-20-0-13 is not recommended for foliar spray because it is strictly advised to be applied as soil application. Using it as a foliar spray may cause phytotoxic effects on the crop or reduce fertilizer efficiency, which increases the cost of cultivation.",,,qwen3_direct,What is the recommended foliar spray composition of NPK 20:20:13 and magnesium Sulphate per acre for maize crop?,5,2026-04-10T09:21:57.258428
si_v3_paraph_69ab9f3b_58,paraphrase_quantity_focused,69ab9f3bc2b602929b3707e3,69ab9d5ec2b602929b3706d0,Maize Makka,Punjab,PATIALA,Kharif,Fertilizer and Nutrient,How much magnesium sulphate should be used for a foliar spray in maize?,Magnesium sulphate fertilizer is suggested @ 1% (10 gm in 1 liter water) when sulphur deficiency symptoms are observed on the crop.,,,qwen3_direct,What is the recommended foliar spray composition of NPK 20:20:13 and magnesium Sulphate per acre for maize crop?,5,2026-04-10T09:21:58.192126
si_v3_paraph_69ab9f3b_60,paraphrase_regional_hindi,69ab9f3bc2b602929b3707e3,69ab9d5ec2b602929b3706d0,Maize Makka,Punjab,PATIALA,Kharif,Fertilizer and Nutrient,Makka ke khet mein NPK 20:20:13 ka kya ilaj hai?,"20:20:13 naam ka koi fertilizer nahi hai. 20:20:0:13 fertilizer ka istemal karna chahiye. Yeh 20 kg nitrojen, 20 kg fosfor, 13 kg sulphur deta hai. Is fertilizer ko khet mein dalna chahiye. Yeh fertilizer ko uthane ke liye soil test karna chahiye. Is fertilizer ko foliar spray ke liye nahi istemal karna chahiye. Agar sulphur ke kam ki tanda milay to magnesium sulphate 1% (10 gm per liter pani) ka istemal karna chahiye.",,,qwen3_direct,What is the recommended foliar spray composition of NPK 20:20:13 and magnesium Sulphate per acre for maize crop?,5,2026-04-10T09:22:00.379751
si_v3_paraph_69ab9f3b_61,paraphrase_formal,69ab9f3bc2b602929b3707e3,69ab9d5ec2b602929b3706d0,Maize Makka,Punjab,PATIALA,Kharif,Fertilizer and Nutrient,What is the recommended method for applying NP(S) 20-20-13 fertilizer and magnesium sulphate for maize cultivation?,"NP(S) 20-20-13 fertilizer should be applied during sowing through broadcasting. It is not recommended for use with standing crops, and applying it as seed-cum fertilizer may yield better results. Magnesium sulphate should be applied as a foliar spray at a concentration of 1% (10 grams in 1 liter of water) when sulphur deficiency symptoms are observed. It is strictly advised to apply fertilizers only in the prescribed method and in the recommended quantity. Soil testing is recommended to determine the appropriate fertilizer quantity.",,,qwen3_direct,What is the recommended foliar spray composition of NPK 20:20:13 and magnesium Sulphate per acre for maize crop?,6,2026-04-10T09:22:01.825550
si_v3_paraph_69ab9f3b_62,paraphrase_farmer_style,69ab9f3bc2b602929b3707e3,69ab9d5ec2b602929b3706d0,Maize Makka,Punjab,PATIALA,Kharif,Fertilizer and Nutrient,Kab mai khet me NP(S) 20-20-13 fertilizer ka istemal karna chahiye aur kaise apply karna chahiye?,NP(S) 20-20-13 fertilizer ko khet me uthane ke samay aur seed-ka sath apply karna chahiye. Iska istemal seed-ka sath karte samay bhi achha hota hai. Iska dosha jisme khet ke aadhar par hota hai. Agar khet me koi deficiency ho to 1% magnesium sulphate (10 gm per liter pani) ka istemal karna chahiye. Lekin is fertilizer ka foliar spray ke roop me istemal karna sahi nahi hota hai. Kisi bhi fertilizer ka istemal karte samay soil test karna jaruri hai.,,,qwen3_direct,What is the recommended foliar spray composition of NPK 20:20:13 and magnesium Sulphate per acre for maize crop?,6,2026-04-10T09:22:03.514782
si_v3_paraph_69ab9f3b_63,paraphrase_short,69ab9f3bc2b602929b3707e3,69ab9d5ec2b602929b3706d0,Maize Makka,Punjab,PATIALA,Kharif,Fertilizer and Nutrient,How to apply NP(S) 20-20-13 fertilizer for maize?,"NP(S) 20-20-13 should be applied during sowing through broadcasting. It must be used as soil application, not as a foliar spray. Follow state-specific recommendations and soil test results for dosage.",,,qwen3_direct,What is the recommended foliar spray composition of NPK 20:20:13 and magnesium Sulphate per acre for maize crop?,6,2026-04-10T09:22:04.559215
si_v3_paraph_69ab9f3b_65,paraphrase_followup,69ab9f3bc2b602929b3707e3,69ab9d5ec2b602929b3706d0,Maize Makka,Punjab,PATIALA,Kharif,Fertilizer and Nutrient,How should NP(S) 20-20-0-13 be applied during sowing?,It should be applied during sowing and through broadcasting.,,,qwen3_direct,What is the recommended foliar spray composition of NPK 20:20:13 and magnesium Sulphate per acre for maize crop?,6,2026-04-10T09:22:05.943692
si_v3_paraph_69ab9f3b_66,paraphrase_yes_no,69ab9f3bc2b602929b3707e3,69ab9d5ec2b602929b3706d0,Maize Makka,Punjab,PATIALA,Kharif,Fertilizer and Nutrient,Is NP(S) 20-20-0-13 recommended for foliar spray application?,"No. It is strictly advised to be applied as soil application, and farmers are recommended not to use this fertilizer for foliar spray.",,,qwen3_direct,What is the recommended foliar spray composition of NPK 20:20:13 and magnesium Sulphate per acre for maize crop?,6,2026-04-10T09:22:06.905435
si_v3_paraph_69ab9f3b_67,paraphrase_preventive,69ab9f3bc2b602929b3707e3,69ab9d5ec2b602929b3706d0,Maize Makka,Punjab,PATIALA,Kharif,Fertilizer and Nutrient,How should NP(S) 20-20-0-13 fertilizer be applied to prevent nutrient deficiency in maize crop?,"NP(S) 20-20-0-13 should be applied during sowing through broadcasting. It should be applied as per the crop and the soil, considering placement, proportion, and time of the crop cycle. It is advised not to use this fertilizer for foliar spray and to apply it only in the prescribed method and recommended quantity. Farmers are advised to apply fertilizers after conducting a soil test and to determine the quantity of fertilizers to be applied based on the results.",,,qwen3_direct,What is the recommended foliar spray composition of NPK 20:20:13 and magnesium Sulphate per acre for maize crop?,6,2026-04-10T09:22:08.289731
si_v3_paraph_69ab9f3b_68,paraphrase_comparison,69ab9f3bc2b602929b3707e3,69ab9d5ec2b602929b3706d0,Maize Makka,Punjab,PATIALA,Kharif,Fertilizer and Nutrient,"How should NP(S) 20-20-13 fertilizer and magnesium sulphate be applied for maize in Punjab, and what are their application methods?","NP(S) 20-20-13 fertilizer should be applied during sowing and through broadcasting, and it is advised to apply it as soil application, not as a foliar spray. Magnesium sulphate should be applied as a foliar spray at 1% (10 gm in 1 liter water) when sulphur deficiency symptoms are observed. Farmers are advised to apply fertilizers only in the prescribed method and in the recommended quantity.",,,qwen3_direct,What is the recommended foliar spray composition of NPK 20:20:13 and magnesium Sulphate per acre for maize crop?,6,2026-04-10T09:22:09.672221
si_v3_paraph_69ab9f3b_69,paraphrase_cause,69ab9f3bc2b602929b3707e3,69ab9d5ec2b602929b3706d0,Maize Makka,Punjab,PATIALA,Kharif,Fertilizer and Nutrient,Why is NP(S) 20-20-0-13 not recommended for foliar spray in maize crops?,"NP(S) 20-20-0-13 is not recommended for foliar spray because it is strictly advised to be applied as soil application. Applying soil-applied fertilizers through foliar spray may cause phytotoxic effects on the crop or reduce fertilizer efficiency, thereby increasing the cost of cultivation. The farmer is advised to apply fertilizers only in the prescribed method and in the recommended quantity.",,,qwen3_direct,What is the recommended foliar spray composition of NPK 20:20:13 and magnesium Sulphate per acre for maize crop?,6,2026-04-10T09:22:10.896225
si_v3_paraph_69ab9f3b_72,paraphrase_regional_hindi,69ab9f3bc2b602929b3707e3,69ab9d5ec2b602929b3706d0,Maize Makka,Punjab,PATIALA,Kharif,Fertilizer and Nutrient,Makka ke khete me NP(S) 20-20-13 ka istemal kaise karna chahiye aur kya koi foliar spray ka tareeqa hai?,NP(S) 20-20-13 ko taney ke samay aur broadband ke roop me uthaaya jana chahiye. Iska istemal khet me kisi bhi pustak ke sath nahi karna chahiye. Iska koi foliar spray ka tareeqa nahi hai. Agar koi sulphur ki kamai ho to 1% magnesium sulphate (10 gm per 1 liter pani) ka istemal karna chahiye. Kheti ke liye pahle pahle pahle khet ki janch karna chahiye aur phir uske hisab se uthaaya jana chahiye.,,,qwen3_direct,What is the recommended foliar spray composition of NPK 20:20:13 and magnesium Sulphate per acre for maize crop?,6,2026-04-10T09:22:13.871577
si_v3_paraph_69ab9f3b_73,paraphrase_formal,69ab9f3bc2b602929b3707e3,69ab9d5ec2b602929b3706d0,Maize Makka,Punjab,PATIALA,Kharif,Fertilizer and Nutrient,"What is the appropriate method for applying NPK 20:20:13 and magnesium sulphate for maize cultivation, and what precautions should be taken?","The fertilizer 20:20:13 is not a standard fertilizer. It is likely a misinterpretation of 20:20:0:13, which provides 20 kg of nitrogen, 20 kg of phosphorus, and 13 kg of sulphur per 100 kg. This fertilizer does not contain potassium. It should be applied as a soil fertilizer during sowing through broadcasting. The dosage must be determined based on the crop and soil conditions. It should not be used as a foliar spray, as it is strictly recommended for soil application only. Magnesium sulphate should be applied at 1% concentration (10 grams in 1 liter of water) when sulphur deficiency symptoms are observed. Farmers are advised to conduct a soil test before applying fertilizers and to use them according to the prescribed method and quantity. Using soil-applied fertilizers as foliar sprays without deficiency symptoms can lead to phytotoxic effects and reduced efficiency.",,,qwen3_direct,What is the recommended foliar spray composition of NPK 20:20:13 and magnesium Sulphate per acre for maize crop?,7,2026-04-10T09:22:15.944585
si_v3_paraph_69ab9f3b_74,paraphrase_farmer_style,69ab9f3bc2b602929b3707e3,69ab9d5ec2b602929b3706d0,Maize Makka,Punjab,PATIALA,Kharif,Fertilizer and Nutrient,Makka ke khete mein NPK 20:20:13 aur magnesium sulphate ki kya foliar spray chahiye?,"NPK 20:20:13 naam ke koi fertiliser nahi hai. Shayed aap 20:20:0:13 fertiliser ko samajh rahe hain. Is fertiliser se 20 kg nitrogen, 20 kg phosphorus aur 13 kg sulphur khete mein milega. Is fertiliser ko khet mein 100 kg dene ki sariyat hai. Is fertiliser mein potassium nahi hai. NP(S) 20-20-13 ko khet mein uthane waali bari aur bhejne ke samay dene ki sariyat hai. Iski doshi jisme khet aur fasal ke hisab se hoti hai. Isko seed ke saath bhejna bhi achha hai. Iska use foliar spray ke liye nahi kaha gaya hai. Isliye aap is fertiliser ko foliar spray nahi kare. Agar khet me sulphur ki kami ho to magnesium sulphate 1% (10 gm per liter pani) dene ki sariyat hai. Aap ko pahle khet ke pani ki janch karna chahiye. Uske hisab se aap fertiliser ka quantity nikaal sakte hain. Aap fertiliser ko sahi tarah se hi dene chahiye. Agar aap khet se dene wale fertiliser ko foliar spray me dene ki koshish karte hain to crop ko phytotoxicity ho sakti hai aur kharcha badh jata hai. Agar aapko aur jankari chahiye to apne khet ke hisab se koi madad chahiye to koi puchhe.",,,qwen3_direct,What is the recommended foliar spray composition of NPK 20:20:13 and magnesium Sulphate per acre for maize crop?,7,2026-04-10T09:22:18.841692
